{"F1": 340.16387091081816, "F2": 1660.4716830365842}