{"F1": 75.86669931502173, "F2": 717.3176710866917}